content_id,title,genre,release_date,region_availability
1000,Experience.,Drama,2021-08-24,Canada
1001,"Child manager article.",Comedy,2021-06-28,Australia
1002,"Parent keep.",Drama,2016-08-20,Canada
1003,"Cold case science.",Comedy,2015-08-09,Uk
1004,"Up either cover question.",Comedy,2024-08-26,Australia
1005,"Country nature during.",Sci-Fi,2017-02-28,Australia
1006,"Suffer man.",Documentary,2022-10-21,Australia
1007,"Number suggest.",Comedy,2022-12-19,Uk
1008,"Store number draw.",Action,2022-07-13,Canada
1009,"Security before.",Action,2016-07-01,Us
1010,"Reveal add.",Thriller,2024-07-06,Canada
1012,"Democrat owner station.",Sci-Fi,2023-09-03,Uk
1013,"Front however could.",Documentary,2018-03-11,Global
1014,"Deep fine TV.",Comedy,2015-02-28,Australia
1015,"Executive thousand.",Documentary,2017-09-09,Uk
1016,"Begin ahead.",Action,2023-05-05,Us
1019,"Age our.",Documentary,2018-04-24,Canada
1020,"Share where.",Thriller,2020-09-18,Canada
1021,Hospital.,Comedy,2019-10-05,Australia
1022,"Leave participant tree.",Drama,2020-10-16,Us
1023,Effect.,Thriller,2017-11-21,Canada
1024,"Speech lot.",Thriller,2021-07-20,Global
1025,"Lose accept everyone.",Thriller,2022-04-20,Canada
1026,"Miss upon nature.",Sci-Fi,2019-01-09,Australia
1027,"Woman in great.",Thriller,2020-04-05,Uk
1029,Agency.,Comedy,2022-09-08,Canada
1030,"Tough possible.",Action,2018-12-29,Australia
1033,"Despite pattern today.",Action,2022-05-13,Australia
1034,"Into red team.",Drama,2019-09-16,Us
1035,"Son break somebody.",Thriller,2022-04-02,Global
1036,"Us including act.",Comedy,2016-06-14,Australia
1037,"Know wall tonight left.",Drama,2015-09-26,Canada
1038,"Probably hold.",Action,2021-09-21,Canada
1040,"Environment effort most.",Drama,2019-02-05,Global
1041,"Police student.",Action,2015-09-10,Australia
1042,"Event ground.",Thriller,2019-10-02,Australia
1043,"Together box research very.",Action,2017-09-26,Global
1044,"List child.",Documentary,2024-04-05,Uk
1045,"Analysis black.",Documentary,2015-07-17,Canada
1046,"Recent decade pull.",Thriller,2020-04-02,Global
1047,Opportunity.,Thriller,2021-03-21,Uk
1048,"Other two.",Drama,2016-09-18,Australia
1049,"Happen song free.",Action,2020-12-06,Global
1050,"Less imagine.",Action,2020-01-29,Australia
1051,"Leader strategy budget.",Thriller,2016-03-20,Global
1052,"Seem center.",Sci-Fi,2016-11-24,Australia
1054,"Environmental center line.",Action,2018-08-31,Us
1056,"Real allow.",Thriller,2022-04-22,Canada
1058,"Throw evening.",Comedy,2019-05-23,Canada
1059,"Right detail.",Sci-Fi,2024-11-18,Uk
1060,"Who tell consumer.",Drama,2024-11-17,Australia
1061,"Size structure.",Action,2021-07-24,Uk
1064,"Data knowledge fine.",Comedy,2018-08-22,Australia
1065,"East color actually.",Sci-Fi,2015-06-09,Uk
1066,Drug.,Drama,2020-05-14,Australia
1067,"Prepare bag.",Drama,2021-01-20,Uk
1068,"Defense less rise.",Thriller,2017-05-11,Us
1069,"World president.",Thriller,2016-08-12,Canada
1070,"National capital but.",Drama,2017-05-31,Global
1072,"In save space church.",Sci-Fi,2022-07-09,Global
1075,Recognize.,Sci-Fi,2019-11-05,Uk
1076,"Avoid official main.",Thriller,2022-11-20,Canada
1077,"Paper establish.",Documentary,2024-03-21,Us
1078,"Event your.",Documentary,2023-07-05,Australia
1080,"Could spend.",Drama,2023-06-23,Australia
1081,"Hard power.",Action,2023-05-07,Us
1082,Although.,Sci-Fi,2025-02-09,Global
1083,"Analysis value.",Documentary,2016-11-20,Canada
1084,Increase.,Comedy,2019-05-09,Us
1086,"We election.",Thriller,2016-07-08,Canada
1087,Store.,Comedy,2018-04-27,Australia
1088,"On prove.",Action,2023-09-22,Uk
1089,"Least at.",Comedy,2023-06-04,Us
1091,"Election loss.",Thriller,2020-04-16,Us
1093,"Middle call near.",Comedy,2017-12-04,Global
1094,"Best forward itself whom.",Drama,2023-03-29,Uk
1095,"Discussion summer.",Thriller,2017-06-05,Us
1096,"Past movie.",Action,2017-07-10,Australia
1097,"Seem serve model.",Sci-Fi,2021-08-29,Global
1098,"Official read.",Documentary,2016-12-05,Canada
1099,"Simple real bag.",Sci-Fi,2023-07-08,Us
1101,"Risk computer want.",Drama,2024-01-13,Uk
1103,"Central Mr.",Sci-Fi,2022-07-27,Uk
1104,"Three politics page.",Comedy,2020-03-07,Canada
1105,"Ok land.",Action,2015-11-02,Canada
1106,"Best attention.",Sci-Fi,2022-08-26,Canada
1107,"Probably full party.",Comedy,2018-04-29,Us
1108,"Thought difference.",Drama,2016-06-18,Uk
1109,"Water establish.",Thriller,2020-02-04,Us
1110,Indeed.,Action,2023-03-11,Australia
1111,"You occur.",Comedy,2020-03-24,Canada
1112,"Personal case effect.",Sci-Fi,2016-08-31,Canada
1113,"Example stand walk.",Comedy,2020-12-08,Canada
1114,"Including head.",Action,2015-12-16,Global
1115,"Because describe matter.",Drama,2024-02-02,Us
1116,"People work.",Action,2021-07-24,Canada
1117,"Just a former.",Drama,2020-02-04,Global
1120,"Build leader he.",Drama,2019-02-14,Canada
1121,You.,Drama,2018-01-21,Global
1122,"There analysis energy.",Drama,2021-04-17,Global
1123,"Will certainly.",Sci-Fi,2021-09-30,Australia
1124,"Whom ground fact.",Thriller,2015-07-22,Canada
1125,"Day hot.",Drama,2024-01-24,Canada
1126,"Campaign thing.",Documentary,2023-01-23,Uk
1127,"Affect rise.",Thriller,2019-09-29,Australia
1129,Beat.,Sci-Fi,2017-11-16,Global
1130,"Cup car.",Comedy,2020-04-01,Canada
1131,"Suddenly yeah black.",Drama,2017-08-04,Global
1132,"Suffer onto expert.",Documentary,2015-06-27,Us
1133,"Mr since firm.",Comedy,2024-03-07,Australia
1135,"Worker through pass.",Thriller,2018-09-23,Us
1136,"Someone care success.",Thriller,2021-11-13,Us
1137,"Market article.",Thriller,2021-08-27,Global
1138,"Notice kind remember.",Drama,2024-09-13,Uk
1139,"Course little.",Comedy,2021-01-21,Global
1140,"Clear area.",Drama,2019-08-17,Us
1141,"Usually expert.",Comedy,2021-08-12,Australia
1142,"People sport science.",Action,2015-10-16,Global
1144,"Card end.",Thriller,2022-03-30,Us
1145,"Other section pay.",Drama,2022-08-05,Uk
1146,"Partner admit.",Thriller,2021-08-07,Global
1147,"Too woman environment.",Sci-Fi,2019-05-16,Uk
1148,Attention.,Documentary,2021-09-24,Global
1149,"Star station.",Thriller,2016-03-15,Uk
1150,"After performance.",Action,2020-08-24,Uk
1151,"Soldier anything these.",Documentary,2019-11-25,Uk
1153,"Image available.",Thriller,2025-01-28,Global
1156,"Recently election information play.",Thriller,2024-12-03,Us
1157,"She possible.",Thriller,2023-12-11,Us
1159,"Security me.",Comedy,2019-01-16,Australia
1160,"Fear player protect.",Action,2017-07-09,Uk
1161,"Outside edge cover.",Comedy,2020-12-18,Us
1162,"Yard reduce.",Sci-Fi,2018-04-06,Us
1163,"Television media exist.",Drama,2020-07-27,Us
1164,"Certainly word drug.",Documentary,2019-01-16,Australia
1165,"Always worry.",Drama,2025-01-31,Global
1166,"Money with institution.",Thriller,2021-07-06,Us
1167,"Too open.",Comedy,2020-12-23,Australia
1168,"Six as.",Drama,2021-08-26,Uk
1169,"Example doctor amount.",Drama,2016-07-10,Uk
1170,"Magazine road question threat.",Sci-Fi,2024-11-05,Canada
1171,"Of leave check.",Sci-Fi,2015-12-20,Canada
1172,"Art defense.",Comedy,2019-12-30,Australia
1173,"Million live.",Comedy,2018-04-24,Canada
1174,"Day test.",Thriller,2017-03-16,Global
1175,Huge.,Comedy,2023-09-25,Australia
1176,"Office less.",Sci-Fi,2024-07-24,Australia
1179,"Special amount official.",Documentary,2015-03-23,Canada
1181,"Hot Congress begin.",Thriller,2017-12-19,Us
1183,"Start knowledge bit.",Thriller,2021-03-13,Canada
1185,"Cut good when.",Action,2017-03-11,Australia
1186,"Together bank across.",Sci-Fi,2019-08-02,Canada
1187,"Hotel morning policy.",Documentary,2024-08-29,Canada
1188,"Be place price.",Thriller,2020-10-30,Us
1189,"Play expect high behavior.",Documentary,2018-04-12,Global
1190,"Modern significant.",Action,2024-10-12,Us
1191,"Difference forward day whose.",Comedy,2024-05-21,Australia
1192,"Low ask live exist.",Comedy,2024-12-15,Uk
1193,"Wind listen specific.",Documentary,2019-07-05,Uk
1194,"Yet age.",Sci-Fi,2017-09-01,Australia
1196,"Trial bill.",Drama,2020-02-04,Australia
1197,"Drop attorney process.",Drama,2023-06-16,Global
1198,"End ok.",Documentary,2020-02-04,Canada
1199,"Want oil.",Action,2021-11-16,Uk
1200,Feel.,Drama,2022-05-14,Australia
1201,"Glass event shake.",Action,2019-06-07,Global
1202,"Management live.",Action,2025-01-07,Global
1204,"Vote support.",Thriller,2022-10-18,Us
1205,"It establish police.",Drama,2016-12-17,Australia
1207,"Company ten difference.",Action,2015-11-25,Canada
1208,"Pay investment.",Thriller,2016-10-08,Uk
1209,"Interesting former street.",Documentary,2022-05-23,Us
1210,"Set onto sometimes effort.",Action,2022-09-11,Canada
1212,"Ball ready pull.",Thriller,2020-10-03,Global
1213,"Tend hope.",Drama,2016-07-07,Canada
1214,"Hospital perhaps.",Action,2019-02-23,Canada
1215,"Feeling response short.",Sci-Fi,2021-02-06,Canada
1216,"Book until eat lose.",Action,2016-08-10,Uk
1217,"Her any marriage.",Drama,2019-08-29,Canada
1218,"Toward miss.",Action,2024-11-13,Us
1220,"Pay practice.",Thriller,2015-06-19,Australia
1222,"Deal certainly.",Drama,2016-09-23,Global
1223,"Themselves trial.",Action,2016-06-20,Us
1224,"Authority low establish.",Thriller,2015-08-04,Us
1228,"Let simply rock.",Comedy,2020-02-04,Us
1229,"Whom personal.",Drama,2016-01-12,Us
1230,"Face parent.",Drama,2024-09-18,Us
1231,"Mr suddenly order.",Thriller,2021-02-08,Canada
1232,"Care brother occur.",Documentary,2020-08-18,Global
1233,"Determine decade.",Sci-Fi,2019-05-13,Canada
1234,"Century class.",Documentary,2017-08-12,Australia
1235,"Feeling ten movie.",Sci-Fi,2016-02-21,Us
1236,"Seem hot.",Action,2024-11-25,Australia
1237,"For study be.",Thriller,2016-01-07,Us
1238,"Group major.",Action,2020-02-04,Australia
1240,"Bad old society.",Action,2018-09-14,Canada
1241,"Few various.",Comedy,2022-01-19,Global
1242,"Head positive before.",Drama,2015-12-19,Uk
1243,"Institution get address.",Thriller,2018-12-13,Australia
1244,"Never institution will.",Action,2024-09-20,Global
1245,Day.,Sci-Fi,2024-03-21,Australia
1246,"Tell customer.",Documentary,2016-05-31,Canada
1247,"Foot management goal.",Action,2015-11-30,Canada
1248,"Beyond firm major.",Action,2018-11-03,Global
1249,"He pretty.",Action,2019-01-21,Canada
1250,"Human ever out.",Action,2015-03-19,Us
1252,"In parent even.",Action,2021-04-07,Us
1253,Any.,Documentary,2017-02-09,Australia
1254,"Than name TV.",Sci-Fi,2019-09-16,Global
1255,"Recent material.",Thriller,2015-02-23,Global
1256,"Expect movement picture.",Documentary,2017-11-06,Us
1257,"Another task PM respond.",Comedy,2019-11-01,Us
1258,"Main life.",Comedy,2023-05-05,Uk
1259,"Agent possible.",Comedy,2021-12-12,Global
1261,"Sound appear.",Thriller,2020-08-19,Australia
1263,"Happen special century.",Thriller,2021-12-22,Uk
1264,"Friend according investment.",Comedy,2020-03-28,Global
1265,"Seem human.",Documentary,2020-02-04,Australia
1266,"Past behavior these.",Drama,2017-06-19,Us
1267,"May direction.",Thriller,2017-11-12,Uk
1268,"Commercial religious.",Action,2023-07-16,Canada
1269,"May describe.",Drama,2022-09-14,Us
1270,"Western rule.",Comedy,2021-06-12,Us
1271,"Ok computer.",Drama,2019-09-09,Uk
1272,"End money.",Sci-Fi,2018-04-14,Canada
1273,"Political foot camera.",Sci-Fi,2023-04-10,Uk
1274,"Middle include school.",Documentary,2021-07-28,Global
1275,Red.,Drama,2023-12-04,Canada
1277,"Until prevent strategy.",Documentary,2017-02-28,Australia
1278,"Clearly movie accept marriage.",Action,2017-01-25,Canada
1279,"Community production.",Documentary,2018-04-08,Us
1281,"Our serve visit.",Thriller,2024-02-21,Canada
1282,"Test rest.",Thriller,2024-04-14,Us
1283,"Alone early president.",Action,2015-05-30,Uk
1284,"Decide send matter.",Drama,2020-02-04,Australia
1285,Responsibility.,Action,2023-06-14,Uk
1286,"Try six main.",Action,2020-02-04,Uk
1287,"Laugh deal want.",Sci-Fi,2018-03-20,Us
1289,"Republican common.",Drama,2019-08-25,Uk
1290,"Environmental necessary sound.",Sci-Fi,2017-04-17,Uk
1292,"Matter indeed pick several.",Drama,2022-05-08,Uk
1293,"Arrive particularly.",Drama,2025-02-05,Uk
1295,"Bank television interest price.",Action,2024-09-17,Canada
1296,"Call there.",Drama,2021-06-16,Canada
1297,"Poor others.",Comedy,2024-09-25,Australia
1298,"Mean just bill war.",Action,2017-02-13,Australia
1299,Soldier.,Comedy,2020-11-16,Australia
1300,Front.,Sci-Fi,2024-03-23,Uk
1301,"Order claim clear.",Thriller,2017-08-27,Us
1302,"Concern others attention remember.",Thriller,2015-09-14,Us
1303,Resource.,Action,2018-02-28,Us
1304,Type.,Thriller,2024-08-02,Canada
1305,"Very hear.",Comedy,2024-05-20,Us
1306,"Cut nature against type.",Sci-Fi,2021-06-14,Canada
1307,"Citizen open.",Drama,2021-08-09,Global
1308,"Term stock radio.",Drama,2019-12-22,Canada
1310,"Trial air.",Comedy,2015-10-29,Us
1311,"Himself sell sit against.",Thriller,2019-06-15,Canada
1312,"Sing bag.",Sci-Fi,2023-12-30,Uk
1313,"Newspaper teach seem.",Thriller,2015-11-30,Canada
1314,Many.,Thriller,2023-04-09,Us
1315,"So work attack.",Sci-Fi,2015-09-18,Uk
1316,"Lead before dark.",Documentary,2020-02-04,Global
1317,"Environmental attorney.",Drama,2024-03-06,Australia
1318,"Loss travel economic.",Drama,2023-09-16,Canada
1319,"This tonight research.",Comedy,2022-03-11,Us
1320,"Ball important answer become.",Sci-Fi,2021-06-25,Us
1321,"Size else page.",Action,2021-02-08,Us
1322,"Support sense nature.",Drama,2020-04-20,Canada
1323,"World food.",Sci-Fi,2019-08-31,Uk
1325,"Almost position.",Comedy,2016-06-13,Us
1326,"Growth during scientist.",Action,2020-04-10,Uk
1327,"Hear simply president work.",Sci-Fi,2019-05-17,Canada
1328,"Need eye.",Sci-Fi,2019-04-05,Uk
1329,"Personal suffer.",Comedy,2020-02-04,Global
1331,"Democratic watch another.",Documentary,2021-02-07,Canada
1332,"Include man source.",Thriller,2019-11-27,Canada
1333,"Can site.",Comedy,2020-02-12,Canada
1334,"Police should.",Sci-Fi,2023-10-21,Canada
1336,"Moment full something.",Comedy,2022-01-06,Us
1337,"Receive back.",Sci-Fi,2019-05-25,Australia
1338,"Religious dark.",Documentary,2020-09-21,Canada
1339,"Free test across.",Drama,2022-11-23,Uk
1340,"Safe join vote vote.",Comedy,2016-05-13,Australia
1342,"International degree worry.",Sci-Fi,2016-05-22,Uk
1343,"Particular nature.",Drama,2022-04-20,Uk
1344,"Picture feel.",Documentary,2024-06-10,Global
1345,"Recent camera something.",Comedy,2022-03-30,Canada
1346,"Most lay.",Sci-Fi,2021-07-12,Australia
1347,"Large group woman.",Comedy,2015-12-10,Global
1348,"Professor right.",Comedy,2021-11-21,Us
1349,"Peace behavior important.",Comedy,2016-01-29,Uk
1350,"Door term it.",Comedy,2019-06-20,Australia
1351,"Bad dream moment.",Action,2022-05-09,Canada
1352,"Themselves throughout.",Documentary,2018-03-24,Australia
1353,"Outside collection.",Action,2020-08-28,Australia
1354,"Take opportunity cut.",Drama,2020-09-19,Uk
1357,"Look fall theory.",Comedy,2022-05-16,Global
1358,"Wind if.",Sci-Fi,2023-01-17,Global
1359,"Without truth.",Comedy,2015-07-05,Canada
1360,"Ahead low.",Action,2015-03-29,Uk
1361,"Eight money.",Sci-Fi,2023-08-15,Global
1362,Follow.,Thriller,2021-10-09,Us
1363,"Peace career up.",Documentary,2017-01-03,Canada
1364,Step.,Documentary,2017-07-03,Canada
1365,"First garden.",Comedy,2018-09-14,Australia
1366,"Civil generation.",Action,2016-01-09,Us
1368,"Fear recognize choice.",Documentary,2018-05-15,Us
1369,"Analysis than network.",Action,2015-04-15,Us
1370,Get.,Comedy,2018-03-04,Uk
1371,"That claim.",Drama,2021-04-26,Us
1372,"Religious religious.",Sci-Fi,2016-12-12,Us
1373,"Part front lose reach.",Action,2021-02-22,Uk
1374,"Plan item chance.",Action,2020-03-20,Global
1375,"Last skin support.",Thriller,2023-04-13,Canada
1376,"About six area.",Drama,2020-10-17,Australia
1377,"Field range.",Drama,2024-02-22,Us
1378,"Bill not.",Action,2020-09-14,Us
1379,"Window else.",Drama,2019-05-13,Australia
1380,"Official religious section.",Sci-Fi,2024-06-24,Canada
1382,"Yard subject.",Documentary,2020-10-27,Global
1383,"Possible herself lead.",Drama,2023-04-25,Global
1384,"Someone modern.",Action,2020-02-04,Australia
1385,"Hear under.",Sci-Fi,2019-04-01,Uk
1386,"Or success fill.",Documentary,2021-09-22,Canada
1388,"Image environment.",Thriller,2021-10-07,Global
1389,"Same former state.",Thriller,2018-02-02,Global
1390,"Better rock energy.",Drama,2020-05-15,Us
1391,"Continue collection.",Drama,2017-07-24,Us
1392,"Development whose moment.",Sci-Fi,2018-01-26,Uk
1393,Together.,Sci-Fi,2022-08-08,Canada
1394,"Between way though.",Comedy,2018-08-24,Australia
1396,"Vote animal.",Sci-Fi,2015-06-23,Australia
1400,"Husband enjoy important.",Action,2021-08-21,Australia
1401,"Option apply serious.",Action,2017-03-23,Global
1402,"Dark model the.",Thriller,2019-11-05,Uk
1403,"Stop be work.",Comedy,2017-06-17,Canada
1404,Fine.,Sci-Fi,2021-01-31,Us
1405,"Painting exist reflect.",Sci-Fi,2020-08-31,Uk
1406,"First student.",Action,2022-07-10,Us
1407,"Surface figure.",Documentary,2022-05-22,Us
1408,"Movement pretty if hope.",Action,2019-10-19,Us
1410,"He without despite push.",Comedy,2021-04-11,Uk
1411,Find.,Comedy,2022-08-19,Uk
1412,"Accept rather.",Thriller,2018-05-23,Canada
1413,"Particular five detail.",Action,2021-01-07,Global
1414,"Identify network.",Documentary,2017-05-12,Us
1415,"Summer institution worry.",Documentary,2024-04-22,Australia
1416,Between.,Drama,2019-12-18,Canada
1417,"Matter probably.",Sci-Fi,2025-01-23,Us
1418,"Return politics.",Comedy,2021-12-16,Uk
1419,"Letter me next.",Action,2015-05-26,Australia
1420,"Wife success future.",Action,2022-07-10,Canada
1421,Large.,Documentary,2017-11-16,Uk
1422,Tell.,Comedy,2020-04-04,Uk
1423,Eye.,Action,2025-02-02,Canada
1424,"Level action.",Sci-Fi,2016-01-31,Us
1425,"Clearly recent.",Thriller,2019-02-24,Global
1426,"Able still under opportunity.",Documentary,2019-08-11,Canada
1428,"Find mouth.",Action,2017-12-17,Global
1429,"Among since.",Comedy,2020-03-28,Canada
1430,"Majority still camera simply.",Action,2020-02-04,Uk
1432,"Down book.",Action,2020-09-13,Canada
1434,Glass.,Thriller,2023-01-07,Global
1435,"Less value.",Thriller,2020-06-13,Uk
1436,"Join respond.",Comedy,2017-02-23,Canada
1437,"Purpose most opportunity.",Drama,2020-01-28,Canada
1439,"Teacher list actually.",Action,2019-10-22,Canada
1440,"Perhaps west.",Documentary,2020-10-22,Canada
1441,"Within produce major.",Sci-Fi,2020-02-10,Australia
1442,"Property either.",Documentary,2020-12-07,Uk
1443,"Theory town commercial.",Sci-Fi,2021-12-08,Us
1444,"Especially note career.",Sci-Fi,2024-10-02,Australia
1445,"Nor office.",Comedy,2023-02-24,Uk
1447,"Government never.",Comedy,2016-01-25,Canada
1448,"Service treatment.",Drama,2021-03-24,Us
1449,"Recent force.",Sci-Fi,2017-11-03,Us
1450,"Case mother.",Drama,2019-03-17,Global
1451,"Shoulder dark.",Drama,2017-10-22,Us
1452,"Difference either catch.",Comedy,2020-02-04,Us
1453,"Remember executive easy.",Drama,2023-11-19,Canada
1455,"Very close.",Comedy,2015-07-30,Australia
1458,"Travel big.",Comedy,2020-08-03,Canada
1459,"Within beautiful.",Comedy,2018-02-26,Global
1460,"Difficult food.",Comedy,2019-12-09,Australia
1461,"Share specific industry.",Comedy,2020-09-22,Global
1462,"Room party consumer.",Drama,2019-07-31,Us
1463,Star.,Action,2021-10-14,Us
1464,"Imagine management.",Sci-Fi,2022-07-25,Us
1465,"Building thing poor.",Drama,2017-10-31,Australia
1466,"Tonight size.",Drama,2022-11-29,Australia
1468,"Become away research.",Comedy,2018-03-26,Australia
1469,"Seat establish condition black.",Action,2015-05-29,Us
1471,"Establish risk.",Action,2023-04-12,Canada
1472,"Career science pull.",Action,2017-02-16,Australia
1473,"Indeed however different.",Thriller,2024-08-08,Uk
1474,"Pm capital time including.",Action,2019-12-27,Us
1475,"Glass term run.",Action,2018-03-22,Australia
1476,"Capital kitchen.",Comedy,2018-03-25,Us
1477,"Notice security fast.",Comedy,2025-01-31,Canada
1478,"Activity up.",Documentary,2015-12-19,Us
1479,"Economy treatment week.",Drama,2021-02-12,Global
1481,Need.,Action,2020-09-11,Australia
1482,"Citizen yes country.",Action,2022-11-22,Australia
1484,"Three order together.",Drama,2017-07-27,Us
1486,"Scientist future.",Comedy,2017-12-11,Us
1487,"Base hundred.",Action,2017-12-21,Australia
1488,"Compare decision court.",Drama,2020-11-18,Uk
1489,"Base write.",Thriller,2023-09-11,Canada
1490,"Simple glass nothing.",Action,2021-11-29,Canada
1491,"Exist time others.",Documentary,2024-04-28,Uk
1492,Born.,Action,2021-05-01,Australia
1493,"Ahead six parent newspaper.",Comedy,2020-10-13,Us
1494,"Feel Democrat north.",Sci-Fi,2015-09-21,Global
1496,"News money.",Thriller,2017-12-31,Canada
1497,"Job institution.",Sci-Fi,2021-08-17,Uk
1498,"Condition heart place.",Documentary,2021-10-12,Global
1499,Reveal.,Drama,2021-06-19,Us
1500,"Performance make.",Comedy,2020-02-21,Global
1501,Explain.,Drama,2022-11-05,Canada
1503,"Kitchen suffer according.",Action,2022-09-20,Canada
1504,"Health activity manager these.",Drama,2019-04-05,Australia
1505,"My during.",Comedy,2025-01-24,Australia
1506,"Window face.",Sci-Fi,2016-06-10,Australia
1509,"Serious natural city.",Documentary,2016-04-05,Australia
1510,Some.,Documentary,2023-02-11,Us
1511,"Size white east.",Comedy,2016-03-21,Uk
1512,"Rock collection modern.",Thriller,2023-04-05,Us
1513,"Growth single pattern marriage.",Drama,2021-11-10,Global
1514,"Majority that join.",Action,2023-12-01,Australia
1515,Owner.,Drama,2021-12-30,Uk
1516,"Firm them matter.",Comedy,2016-01-09,Uk
1517,"Boy pass home.",Documentary,2021-11-27,Us
1519,"Recent social local.",Documentary,2016-06-10,Global
1520,"President should fast.",Thriller,2021-05-11,Canada
1521,"According girl rise.",Comedy,2017-11-16,Canada
1524,"Statement management.",Comedy,2016-07-13,Australia
1526,"Check myself fish science.",Comedy,2021-02-01,Australia
1527,"Seek list.",Action,2017-09-26,Global
1528,"Piece task whom.",Sci-Fi,2019-05-11,Us
1531,"Happy room such their.",Thriller,2019-04-09,Australia
1532,"Strong expect war.",Documentary,2021-07-01,Global
1533,"Other cost draw.",Drama,2019-04-12,Global
1534,"Claim address.",Action,2022-02-18,Global
1535,"Management prove.",Action,2021-03-26,Australia
1536,"West head.",Comedy,2015-03-12,Australia
1540,"Arm every interest.",Comedy,2023-03-27,Australia
1541,"Career within section.",Comedy,2021-10-12,Us
1542,"Rule newspaper way.",Documentary,2015-08-21,Australia
1543,"Them issue situation.",Sci-Fi,2020-11-14,Global
1544,Reduce.,Action,2019-09-04,Global
1545,"On dinner many.",Sci-Fi,2020-02-04,Canada
1546,"Marriage catch decade.",Sci-Fi,2023-08-10,Global
1547,"Protect key important.",Comedy,2020-05-05,Global
1549,"Door form compare.",Comedy,2023-01-05,Global
1550,"Across form list.",Sci-Fi,2019-10-31,Global
1551,"Page become nation bank.",Comedy,2016-03-26,Us
1552,"Edge one central.",Documentary,2018-11-04,Australia
1553,"Else share behavior.",Action,2023-03-09,Australia
1554,"Example similar nice.",Comedy,2023-01-13,Uk
1555,"However lot country hear.",Sci-Fi,2022-09-06,Global
1556,"Watch ball.",Documentary,2020-02-04,Us
1557,"Head successful pull.",Drama,2021-09-04,Global
1558,"Personal site.",Sci-Fi,2024-11-16,Us
1559,"Indeed into.",Sci-Fi,2020-02-04,Global
1563,"Along subject.",Action,2020-09-02,Global
1564,"Pick little.",Action,2022-02-10,Canada
1565,"Compare defense fine work.",Action,2024-07-20,Global
1566,Skill.,Drama,2022-09-21,Us
1567,Realize.,Sci-Fi,2025-02-06,Global
1568,Good.,Comedy,2021-08-09,Canada
1569,"As watch same.",Drama,2020-05-14,Uk
1570,"Serve water spend.",Sci-Fi,2015-06-25,Australia
1574,"Pm public little.",Thriller,2015-07-21,Australia
1576,"Its brother affect born.",Documentary,2015-03-17,Global
1577,"Whether case.",Sci-Fi,2024-10-03,Australia
1578,"Leader skill class.",Action,2023-08-01,Us
1579,"Win marriage ready.",Action,2023-06-25,Global
1580,"Rather often.",Drama,2018-03-14,Uk
1581,Event.,Action,2018-03-07,Canada
1582,"Shake property reach training.",Action,2024-03-13,Us
1583,"Challenge blood cost.",Documentary,2019-02-17,Australia
1584,"Imagine successful attorney.",Comedy,2023-11-10,Australia
1585,Build.,Thriller,2021-05-14,Canada
1586,"Blue my current.",Drama,2017-01-19,Global
1588,"Window speak around.",Drama,2018-02-11,Global
1589,"Rise tree focus.",Sci-Fi,2020-02-04,Uk
1591,"Democratic product blood.",Action,2022-09-11,Australia
1592,"Republican under.",Comedy,2022-09-17,Canada
1593,"Science fall few.",Action,2021-05-02,Us
1594,"Enter whether.",Sci-Fi,2022-11-05,Uk
1596,"Later get data.",Sci-Fi,2022-02-24,Global
1597,Party.,Drama,2017-07-19,Us
1598,"Almost student.",Sci-Fi,2018-02-07,Us
1599,"Me light.",Comedy,2017-08-20,Us
1601,"Hold more.",Documentary,2024-01-01,Australia
1602,"Scientist us professional.",Sci-Fi,2021-09-11,Global
1603,"Add try.",Comedy,2019-09-11,Canada
1605,"Among benefit.",Sci-Fi,2020-02-04,Uk
1608,"Current keep.",Comedy,2022-10-05,Australia
1610,"Value author.",Drama,2015-09-19,Global
1611,"New entire mention.",Drama,2016-04-04,Australia
1612,"Offer enter.",Action,2020-02-04,Canada
1614,"Both buy stop.",Sci-Fi,2024-10-14,Us
1615,"Person adult great piece.",Action,2017-01-18,Australia
1617,"Especially agent.",Comedy,2018-12-07,Global
1618,"Capital involve.",Documentary,2015-04-11,Canada
1619,"Building forget.",Drama,2024-12-17,Canada
1620,"Speech structure site sometimes.",Drama,2023-06-08,Global
1621,"Plant wrong.",Drama,2022-06-10,Uk
1622,"Movement past design.",Comedy,2020-02-04,Canada
1623,"Move light shoulder.",Action,2015-07-22,Canada
1627,"Bed employee cold.",Documentary,2015-09-18,Us
1628,"Process war pretty.",Documentary,2020-03-04,Us
1629,"Thought his majority.",Drama,2022-02-22,Global
1630,"Player beautiful teach present.",Thriller,2020-07-21,Us
1631,Bit.,Comedy,2020-04-02,Us
1632,"Pretty wall popular.",Action,2020-09-11,Uk
1633,"What begin.",Action,2019-11-21,Uk
1634,"However explain position.",Comedy,2021-04-08,Uk
1635,"Ask year brother population.",Comedy,2022-05-07,Canada
1636,Bill.,Comedy,2015-11-10,Australia
1637,"Front last.",Action,2017-07-18,Us
1639,"Apply child.",Sci-Fi,2018-07-09,Australia
1640,"Pull someone upon.",Documentary,2022-05-10,Us
1641,"Tell eight certainly.",Action,2021-12-09,Global
1642,"Left college.",Sci-Fi,2017-03-30,Global
1644,"Rule music.",Comedy,2018-03-24,Uk
1645,"Green audience billion.",Comedy,2019-08-30,Uk
1646,"Tonight by.",Drama,2021-04-22,Global
1647,"Interesting expert.",Documentary,2018-02-08,Canada
1648,"Study note.",Drama,2018-12-12,Global
1649,"Easy thought.",Comedy,2022-09-07,Uk
1651,"Opportunity attack.",Documentary,2018-02-17,Australia
1652,One.,Thriller,2022-08-31,Us
1654,"Investment friend.",Comedy,2020-02-04,Us
1656,Player.,Thriller,2024-11-29,Global
1657,"Call probably road.",Action,2022-06-29,Australia
1658,"Purpose quickly beat.",Comedy,2022-01-30,Us
1659,"Relate spend.",Documentary,2019-03-19,Us
1660,"Ground expert.",Sci-Fi,2017-09-20,Uk
1661,Sing.,Action,2020-12-22,Us
1662,"As prepare.",Thriller,2020-02-04,Us
1663,"In everybody.",Thriller,2024-09-11,Global
1664,"Red government.",Thriller,2017-07-06,Uk
1668,"Others kind company.",Drama,2022-05-08,Uk
1669,"High appear any.",Action,2021-10-07,Us
1670,Arm.,Action,2024-06-28,Canada
1672,"Pay place successful.",Action,2017-11-12,Us
1673,"Company today.",Drama,2022-06-11,Uk
1674,"Beat leader whether card.",Drama,2020-02-04,Us
1675,"Word example control.",Documentary,2024-06-14,Australia
1676,"Prevent house center.",Documentary,2018-04-21,Global
1677,"Mean hour word.",Drama,2016-08-23,Global
1678,"Over table about.",Comedy,2019-05-16,Canada
1679,Total.,Action,2016-01-28,Canada
1682,"Energy difference together.",Documentary,2022-04-22,Us
1683,Hit.,Thriller,2016-07-21,Canada
1684,"Mention similar.",Thriller,2015-07-09,Global
1685,"Stage enjoy.",Documentary,2017-06-01,Us
1686,Add.,Action,2015-11-01,Uk
1687,"Thought eight hour.",Documentary,2018-02-23,Australia
1688,"Fact choose week.",Sci-Fi,2022-04-21,Australia
1689,"World against girl.",Thriller,2018-12-08,Australia
1691,"Recognize indicate include.",Thriller,2023-03-21,Us
1692,"Type natural.",Thriller,2024-12-25,Us
1696,Baby.,Comedy,2020-06-30,Us
1697,"Sea themselves.",Comedy,2017-04-20,Uk
1698,Current.,Drama,2024-02-27,Us
1700,"Space for federal.",Sci-Fi,2022-11-14,Uk
1701,"Spring scene common.",Action,2018-12-22,Us
1705,"Whole herself.",Documentary,2024-12-21,Canada
1706,"Group organization that.",Thriller,2019-07-20,Australia
1707,"Threat sea happy.",Comedy,2021-01-08,Us
1708,"Owner seek turn under.",Documentary,2024-07-26,Uk
1709,"Red indicate year.",Thriller,2016-11-21,Australia
1710,"Home anything.",Thriller,2016-03-16,Us
1711,Wish.,Thriller,2020-08-07,Uk
1712,"Number north no.",Thriller,2024-03-06,Us
1714,"Lawyer price.",Sci-Fi,2020-02-14,Us
1715,"Evidence owner say.",Drama,2024-09-08,Canada
1716,"Smile generation majority letter.",Comedy,2018-12-13,Us
1717,"Contain less.",Documentary,2024-06-15,Australia
1718,"Over foot camera.",Thriller,2016-07-21,Global
1719,Someone.,Documentary,2015-09-17,Global
1721,"Question by.",Sci-Fi,2017-03-11,Canada
1723,"Especially race popular ability.",Drama,2016-02-29,Global
1724,"Bring structure.",Drama,2022-11-23,Global
1725,"Bed task.",Documentary,2020-02-11,Australia
1727,"Consumer raise.",Action,2025-02-01,Uk
1728,"Must ago surface quickly.",Documentary,2017-12-03,Us
1729,"Before plant radio.",Action,2020-02-04,Australia
1730,"Participant safe.",Drama,2021-02-02,Us
1731,"Water nor brother.",Documentary,2024-02-17,Australia
1732,"Become walk amount.",Comedy,2016-02-28,Canada
1734,"Spring attack everybody.",Documentary,2019-10-24,Global
1736,"Create human lawyer.",Action,2018-08-19,Us
1737,"Behind natural last recently.",Comedy,2019-09-03,Uk
1738,"Dream camera fly.",Sci-Fi,2023-03-19,Canada
1739,"Share positive.",Thriller,2018-04-15,Uk
1740,"Little who.",Action,2019-09-17,Us
1741,"Defense government federal.",Action,2016-10-28,Global
1742,"Dog drive.",Action,2019-04-12,Us
1743,"If center.",Documentary,2022-12-13,Canada
1744,Police.,Action,2020-01-11,Global
1746,"Third approach success.",Sci-Fi,2021-11-23,Uk
1747,"Good hundred what.",Comedy,2016-05-27,Global
1748,"Sort entire small.",Comedy,2022-07-18,Global
1749,"Represent room.",Thriller,2015-02-28,Global
1750,"Ability century cost.",Documentary,2018-12-22,Global
1751,Result.,Drama,2021-12-07,Global
1752,"Nature condition.",Documentary,2019-07-23,Us
1754,"Fire large official.",Comedy,2018-12-31,Uk
1755,Ground.,Action,2023-09-16,Global
1756,"Line indicate.",Documentary,2019-10-02,Uk
1757,"Contain exist.",Sci-Fi,2023-07-19,Uk
1758,"Practice matter finally.",Thriller,2024-01-05,Uk
1759,Congress.,Documentary,2021-02-19,Us
1760,"Mr later soldier.",Thriller,2017-09-05,Canada
1761,"Forward fact light.",Documentary,2019-11-12,Us
1762,"Method nothing fine.",Comedy,2020-02-04,Australia
1763,"Perhaps agency arrive control.",Thriller,2019-09-23,Global
1764,"Power majority choose.",Sci-Fi,2024-02-03,Us
1765,"Write outside process.",Drama,2015-05-31,Uk
1766,"Establish represent catch.",Action,2016-04-15,Us
1767,Relationship.,Comedy,2017-04-18,Australia
1769,"Perform program those.",Sci-Fi,2019-03-08,Us
1770,"Face record.",Comedy,2017-04-29,Uk
1771,"Listen room.",Documentary,2015-07-20,Uk
1772,"Performance rather.",Action,2023-07-25,Australia
1773,"Claim government possible.",Comedy,2020-12-08,Us
1774,"Decide night range agreement.",Comedy,2019-03-12,Australia
1775,"Third him.",Documentary,2023-03-18,Uk
1776,"Yeah measure move.",Action,2024-01-30,Global
1777,"Music spring.",Sci-Fi,2016-03-13,Uk
1778,"Education bed agency.",Documentary,2019-08-25,Uk
1779,"Dream on.",Sci-Fi,2021-10-29,Us
1780,"Majority again.",Documentary,2017-02-08,Global
1781,"Pressure edge.",Thriller,2020-05-10,Uk
1782,"Image probably challenge.",Action,2017-08-26,Australia
1783,"Point employee condition.",Comedy,2020-02-04,Canada
1784,"Water especially cold.",Documentary,2016-08-26,Us
1785,"True likely.",Thriller,2025-02-20,Us
1786,"Phone reality thousand.",Documentary,2020-11-24,Uk
1787,"World near.",Thriller,2024-01-04,Us
1789,"Head bank beyond.",Documentary,2024-12-27,Uk
1790,"Success smile.",Comedy,2020-08-25,Uk
1791,"Beautiful political food.",Comedy,2023-11-28,Us
1792,"Financial dog.",Documentary,2020-02-04,Uk
1793,"Staff style one.",Documentary,2015-09-26,Australia
1794,"Indicate create.",Drama,2018-07-06,Uk
1795,"Cost sit.",Action,2023-05-30,Global
1796,"Space pretty different.",Action,2023-01-14,Global
1797,Both.,Drama,2020-02-04,Australia
1799,"American ahead.",Action,2021-03-30,Us
1800,"People only natural.",Documentary,2023-06-14,Australia
1801,"Not build.",Action,2015-04-13,Us
1802,Last.,Sci-Fi,2021-12-02,Australia
1804,"Now close.",Action,2022-09-21,Global
1805,"Vote mission subject interesting.",Documentary,2019-08-07,Global
1807,"Character run eye democratic.",Sci-Fi,2016-02-16,Canada
1808,"Game five.",Comedy,2019-12-31,Canada
1809,"Direction present.",Documentary,2018-06-13,Canada
1811,"Everyone character.",Comedy,2015-05-23,Canada
1812,"Project task light.",Drama,2023-11-17,Canada
1813,"Public most prove.",Thriller,2018-09-12,Uk
1814,"Better throw.",Thriller,2022-03-25,Uk
1815,"Floor street.",Sci-Fi,2021-04-26,Canada
1816,"City ground.",Documentary,2019-10-15,Australia
1817,"Thing fear daughter.",Documentary,2023-03-17,Canada
1818,"System particular team here.",Thriller,2024-06-08,Australia
1820,"Serve name green.",Sci-Fi,2019-07-16,Australia
1822,"Later economy.",Thriller,2016-07-11,Global
1823,"Bad theory deep.",Drama,2020-03-26,Australia
1824,"Process care end.",Action,2017-04-30,Australia
1825,"Already across age official.",Comedy,2017-05-17,Us
1827,"Always public parent.",Documentary,2019-06-08,Global
1828,"On exactly it.",Action,2017-09-29,Canada
1830,"Center stop note power.",Comedy,2023-08-18,Global
1831,"Customer where near.",Thriller,2018-12-13,Us
1832,"Fear health network.",Action,2019-12-02,Global
1833,"Goal structure officer.",Sci-Fi,2024-12-29,Global
1834,"Two still technology.",Drama,2022-03-01,Australia
1836,"Head live democratic.",Drama,2024-12-06,Australia
1837,"Because score.",Documentary,2016-12-16,Global
1838,Memory.,Action,2023-05-12,Us
1841,"Year middle.",Thriller,2017-06-07,Canada
1842,"Western include should.",Action,2017-11-21,Global
1843,"Have dog.",Documentary,2015-07-08,Us
1846,"Matter push.",Sci-Fi,2017-08-13,Uk
1847,"Guy so wonder.",Documentary,2016-06-22,Uk
1848,Son.,Comedy,2023-05-24,Global
1849,"Hot agent.",Documentary,2021-02-07,Uk
1850,"Door story.",Sci-Fi,2021-12-27,Australia
1852,"Generation system theory.",Sci-Fi,2020-03-03,Australia
1853,Word.,Action,2023-03-15,Australia
1854,"Someone could.",Thriller,2016-04-26,Australia
1855,"Argue force.",Comedy,2024-08-10,Us
1857,"Medical result early hear.",Comedy,2023-11-23,Global
1858,"Bring yes tree.",Comedy,2020-02-04,Uk
1859,"Whatever help almost.",Action,2016-08-10,Global
1860,"Book answer certainly.",Documentary,2019-05-17,Canada
1861,Table.,Action,2021-07-08,Us
1862,"Alone number win.",Documentary,2021-06-19,Global
1863,"Light artist.",Documentary,2016-06-13,Uk
1864,"Something information own.",Thriller,2017-07-13,Global
1865,"Chance future material per.",Drama,2018-07-04,Us
1866,"Truth camera indeed.",Sci-Fi,2022-02-09,Us
1868,Tv.,Action,2020-11-03,Australia
1870,"Behind important.",Sci-Fi,2021-05-17,Global
1871,"Entire still.",Documentary,2022-10-25,Uk
1872,"Cultural pressure.",Thriller,2023-09-22,Australia
1873,"Day think strong.",Documentary,2016-08-31,Australia
1875,"She training.",Comedy,2023-06-02,Uk
1876,"Herself occur last.",Action,2016-02-17,Us
1877,"War present.",Drama,2020-11-07,Canada
1878,"Activity us author.",Sci-Fi,2023-12-14,Global
1879,"Or radio organization be.",Comedy,2025-01-15,Us
1880,"On garden.",Comedy,2015-12-02,Canada
1881,"Leader difficult clearly.",Action,2020-02-22,Australia
1882,Gun.,Thriller,2021-01-08,Australia
1883,"Together word study.",Sci-Fi,2020-10-15,Canada
1884,"Move material.",Sci-Fi,2021-12-11,Australia
1885,"Voice research.",Thriller,2017-01-23,Us
1886,"Herself meet data record.",Sci-Fi,2020-05-07,Global
1887,"Now protect manager site.",Sci-Fi,2018-08-31,Canada
1888,"Course professional boy.",Drama,2024-08-25,Us
1889,"Life page main.",Action,2020-02-04,Canada
1890,"Call significant building.",Comedy,2024-08-27,Canada
1891,"Reason than remain.",Documentary,2016-04-16,Uk
1892,"Possible claim thought.",Sci-Fi,2018-02-26,Global
1894,"See along.",Sci-Fi,2020-11-24,Canada
1895,"Language wind.",Action,2020-11-07,Uk
1896,"Food country.",Action,2024-12-24,Us
1897,"Finally land.",Sci-Fi,2024-06-07,Uk
1898,"Peace line above.",Comedy,2023-11-28,Canada
1900,"Information guy sure here.",Drama,2016-07-25,Us
1902,"Right professor long.",Documentary,2020-02-08,Australia
1903,"Toward understand page.",Drama,2022-03-29,Australia
1904,"Above very radio accept.",Comedy,2016-03-09,Canada
1905,"Administration key.",Drama,2025-02-15,Canada
1906,"Owner bring.",Action,2024-04-14,Us
1907,"Like woman.",Documentary,2020-09-04,Us
1909,"Raise choice.",Drama,2017-02-26,Us
1910,"They life father.",Drama,2024-02-19,Us
1911,"To hard film list.",Sci-Fi,2019-11-22,Uk
1912,"Citizen baby.",Documentary,2015-05-18,Uk
1913,"Senior management place.",Thriller,2017-07-09,Global
1915,"Interest detail drop.",Sci-Fi,2018-08-30,Us
1916,"Increase stock.",Documentary,2020-07-10,Australia
1917,"Scientist push.",Drama,2023-11-28,Canada
1918,"Pressure go.",Sci-Fi,2024-03-23,Australia
1919,"So heart.",Action,2023-11-10,Canada
1921,"Republican analysis.",Comedy,2024-01-27,Australia
1922,"Police ball institution.",Comedy,2020-02-04,Uk
1923,"Mrs right office.",Action,2015-12-04,Uk
1924,"Fill listen.",Thriller,2022-01-01,Australia
1925,"Heart rich writer.",Documentary,2018-12-11,Global
1926,"Night arrive within.",Thriller,2021-12-19,Canada
1927,Total.,Action,2019-07-22,Us
1928,"Treat religious.",Action,2017-07-02,Global
1929,"Nice brother.",Drama,2017-07-13,Canada
1930,"Light decade defense.",Action,2016-11-26,Canada
1931,"Letter gas.",Drama,2021-07-04,Uk
1932,"Dog actually wrong.",Comedy,2022-11-12,Australia
1933,"Leave early.",Drama,2016-12-01,Australia
1934,"Couple marriage number.",Thriller,2024-05-14,Global
1935,Pay.,Documentary,2021-11-19,Uk
1937,"Action pass policy.",Thriller,2023-04-07,Australia
1938,"Compare town method.",Thriller,2017-07-16,Global
1942,"Ago fall.",Drama,2023-04-26,Australia
1943,"Mr one rather also.",Documentary,2024-07-26,Global
1945,"Fast but.",Documentary,2018-09-09,Global
1946,"Focus ever rate.",Thriller,2018-11-29,Australia
1947,"Hair book little.",Action,2020-01-06,Australia
1950,"Away word.",Documentary,2024-07-27,Global
1951,"Provide result short social.",Drama,2019-06-02,Australia
1952,"Fly about happy.",Comedy,2018-09-16,Uk
1953,"Glass woman nothing.",Drama,2023-12-09,Global
1954,Push.,Thriller,2021-11-21,Canada
1957,"Traditional matter.",Action,2019-09-17,Uk
1958,"Type kitchen bill.",Action,2020-02-04,Australia
1959,"Away know.",Action,2022-10-01,Uk
1960,"Job animal.",Action,2021-08-31,Uk
1961,"Congress no.",Documentary,2022-12-31,Australia
1962,"Society painting.",Action,2022-08-25,Global
1963,"Then truth information total.",Drama,2020-02-02,Uk
1966,"It always can.",Drama,2016-03-07,Canada
1967,Worry.,Action,2018-08-23,Canada
1968,"Others care.",Thriller,2024-02-21,Australia
1969,"Child high.",Sci-Fi,2018-07-01,Us
1970,"Style figure because certain.",Thriller,2021-10-31,Canada
1972,"Speech authority want.",Action,2017-04-15,Global
1973,"Cold performance.",Action,2017-04-25,Uk
1974,"Political hospital.",Action,2024-03-01,Canada
1975,"Red explain.",Documentary,2016-12-30,Australia
1976,"Often best according.",Documentary,2020-10-23,Australia
1977,"Worry research ground population.",Drama,2015-07-06,Canada
1978,"Candidate bit million.",Action,2015-05-07,Australia
1979,"Nature story training.",Thriller,2017-03-16,Australia
1981,"Writer with.",Sci-Fi,2018-12-24,Global
1982,"Everyone six.",Thriller,2024-10-01,Australia
1983,"Color interview thousand.",Documentary,2017-06-13,Canada
1986,"Start lead.",Comedy,2021-10-22,Uk
1987,"Push guess.",Documentary,2020-01-02,Uk
1988,Challenge.,Documentary,2016-06-07,Australia
1989,"Close deep miss.",Thriller,2016-06-13,Global
1990,"Heart region management.",Thriller,2025-02-01,Uk
1991,"State tell television.",Drama,2021-08-28,Australia
1992,"Go bad.",Sci-Fi,2021-03-14,Uk
1993,"Financial theory.",Drama,2016-12-19,Canada
1994,"Big perhaps.",Documentary,2016-01-01,Canada
1995,"Seat couple.",Drama,2016-08-19,Canada
1996,"Teacher see factor.",Documentary,2024-07-22,Uk
1997,"Into eight phone.",Thriller,2018-06-29,Us
1998,"Ask raise.",Action,2018-10-18,Australia
1999,"Science cultural.",Comedy,2019-03-24,Global
2000,"Affect but.",Documentary,2019-06-24,Uk
2001,Firm.,Action,2019-05-18,Australia
2004,Material.,Drama,2023-04-10,Australia
2005,"Simply evidence.",Thriller,2021-09-23,Global
2006,"Describe task.",Drama,2019-03-13,Global
2007,"Media major.",Drama,2018-05-27,Canada
2008,"Low candidate.",Drama,2015-05-05,Canada
2009,Time.,Drama,2024-08-05,Uk
2013,"Trouble drop.",Sci-Fi,2021-01-02,Australia
2014,"Company college.",Thriller,2015-08-09,Us
2015,"Walk full couple.",Action,2023-08-06,Australia
2016,"Build once light.",Drama,2020-02-04,Global
2017,"Must at exist.",Action,2016-10-08,Canada
2018,"Know human.",Thriller,2018-12-08,Global
2020,"Fly require activity.",Drama,2020-02-04,Uk
2022,"Rather expect mind.",Comedy,2015-05-16,Global
2023,"He member activity.",Comedy,2019-10-28,Uk
2024,"Ok scientist.",Drama,2022-05-15,Us
2025,"Professor make life.",Sci-Fi,2018-12-21,Us
2026,"Dinner another only.",Comedy,2019-03-08,Australia
2027,"Strong science over.",Sci-Fi,2024-12-13,Uk
2028,"Level system life official.",Sci-Fi,2021-12-22,Canada
2029,Chair.,Drama,2017-03-21,Canada
2030,"Fact second decide.",Drama,2015-07-17,Uk
2031,"Finally believe measure.",Drama,2020-03-11,Canada
2032,"Political then customer.",Documentary,2020-04-13,Uk
2035,"Staff wife.",Documentary,2022-12-26,Uk
2036,"Whether watch beyond.",Sci-Fi,2020-01-03,Global
2037,Fast.,Comedy,2023-09-29,Us
2039,"Father reveal common.",Thriller,2022-08-03,Uk
2040,"Chance we safe.",Documentary,2023-01-06,Us
2041,"Decision write.",Drama,2017-09-16,Global
2042,"Local support either.",Documentary,2016-06-02,Australia
2043,"Win wall score.",Thriller,2017-03-22,Global
2044,"Majority outside.",Documentary,2019-04-09,Australia
2045,"Raise past.",Action,2020-02-04,Canada
2049,"Age throughout talk.",Sci-Fi,2018-07-15,Us
2050,"Down garden argue.",Documentary,2019-06-04,Uk
2051,"Heart close.",Thriller,2018-05-06,Australia
2052,"Report never likely.",Comedy,2015-05-19,Australia
2053,"Name past.",Thriller,2015-10-21,Global
2054,"Base win.",Action,2020-02-04,Canada
2055,"Radio sit pretty beat.",Action,2020-08-28,Australia
2056,"Might prevent everything.",Drama,2018-08-22,Uk
2057,"Upon part interesting.",Sci-Fi,2016-12-18,Global
2058,"Carry memory say.",Sci-Fi,2021-04-23,Canada
2059,Important.,Sci-Fi,2017-05-26,Uk
2060,"Recent food.",Documentary,2023-04-29,Us
2062,Arrive.,Documentary,2019-08-27,Global
2064,"Later force ahead.",Comedy,2019-12-01,Global
2065,"Term far easy sea.",Sci-Fi,2018-11-28,Canada
2069,"Four health whole around.",Thriller,2024-11-13,Global
2070,"Knowledge senior.",Comedy,2020-02-04,Uk
2071,"Bit car.",Sci-Fi,2019-08-02,Australia
2072,"Despite meet evening.",Sci-Fi,2017-05-02,Global
2073,"Weight though.",Sci-Fi,2025-02-04,Australia
2074,Foot.,Documentary,2019-03-12,Uk
2075,"Center type.",Documentary,2016-08-04,Us
2076,"You perhaps seem.",Thriller,2022-06-10,Australia
2079,"One item it.",Comedy,2016-10-07,Canada
2080,"Growth main pretty.",Documentary,2016-11-02,Australia
2081,"Thing lead reveal.",Comedy,2025-02-12,Australia
2082,"Action why.",Documentary,2021-01-06,Global
2083,"Determine federal.",Comedy,2021-10-27,Australia
2084,"Heavy scene north.",Documentary,2019-09-23,Global
2085,"Produce fact manage.",Action,2016-04-11,Us
2086,"With now include.",Documentary,2015-07-25,Australia
2088,"Common play between.",Documentary,2021-08-29,Us
2089,"Animal surface.",Drama,2018-04-18,Global
2090,"Move administration.",Drama,2017-06-08,Australia
2091,"Rate argue toward.",Drama,2019-04-14,Canada
2093,"Baby better.",Action,2020-08-22,Uk
2094,Simple.,Sci-Fi,2022-12-18,Canada
2096,"Almost possible property.",Documentary,2017-10-01,Canada
2097,"Process music sort.",Documentary,2021-02-16,Canada
2099,"Deal moment.",Action,2021-03-10,Global
2101,"Last degree rather.",Action,2020-02-04,Us
2102,"Down reality.",Thriller,2016-07-15,Us
2103,"Well day.",Thriller,2024-06-26,Uk
2104,"Pm address whole.",Thriller,2023-03-31,Australia
2105,"Fight day.",Thriller,2021-08-28,Canada
2106,"Nothing stand.",Drama,2021-11-17,Canada
2107,"Behavior shake.",Drama,2021-11-10,Global
2108,"To than.",Drama,2021-03-14,Australia
2109,"At within ask.",Action,2017-01-12,Uk
2110,"Media why make.",Documentary,2024-07-02,Uk
2111,"Commercial plant.",Thriller,2019-05-28,Us
2112,"Control their apply.",Action,2024-11-25,Australia
2113,"Up use.",Thriller,2023-03-05,Global
2114,"Expert Republican off.",Drama,2020-11-22,Canada
2115,"Energy appear area.",Drama,2023-08-31,Canada
2116,"Language pressure once.",Thriller,2024-07-19,Us
2117,"Stock there the.",Comedy,2016-05-08,Global
2118,"North tend star.",Drama,2016-05-11,Global
2119,"Piece training hospital.",Drama,2019-02-13,Us
2120,"Recently kitchen respond.",Action,2023-12-11,Canada
2121,"Spring hour significant.",Sci-Fi,2018-07-17,Canada
2122,Change.,Action,2022-08-20,Global
2123,Thus.,Sci-Fi,2019-01-11,Us
2124,"Against respond.",Comedy,2017-01-24,Us
2125,"Pick key thank grow.",Drama,2019-06-03,Canada
2127,"So home skin.",Drama,2020-07-07,Global
2128,"Play reduce.",Documentary,2024-11-18,Global
2129,"Better too.",Documentary,2025-01-22,Global
2130,"Again result.",Sci-Fi,2016-09-30,Us
2131,"Box pattern road.",Drama,2015-08-25,Australia
2132,"With young.",Action,2020-02-04,Uk
2133,"Nation both.",Thriller,2018-01-05,Global
2134,"Suddenly brother.",Action,2023-10-12,Us
2135,Major.,Thriller,2017-09-05,Uk
2136,"Field region.",Action,2020-08-01,Australia
2138,"Need production.",Documentary,2019-07-11,Canada
2142,"Much business beautiful.",Action,2020-03-02,Uk
2143,"College policy.",Sci-Fi,2024-08-10,Us
2144,Actually.,Documentary,2018-12-06,Uk
2145,"Exist amount some.",Comedy,2022-04-02,Australia
2146,"Life where although.",Action,2017-11-09,Australia
2147,"Institution special.",Thriller,2016-11-01,Canada
2148,"Red arm agent past.",Documentary,2017-11-08,Global
2150,"Her class.",Action,2015-04-18,Us
2151,"Mother daughter.",Thriller,2024-10-21,Global
2152,"Beyond even.",Drama,2018-07-17,Australia
2153,"City economic turn.",Documentary,2024-10-27,Canada
2154,"Heavy goal brother.",Sci-Fi,2019-06-20,Uk
2155,"Rule position.",Action,2022-05-31,Uk
2157,"Trouble court.",Documentary,2024-11-29,Australia
2158,"It skin maybe.",Thriller,2016-08-30,Australia
2160,"Until just.",Documentary,2018-10-21,Us
2161,"Those conference leader too.",Action,2020-03-09,Canada
2162,"Mind push.",Documentary,2021-04-02,Uk
2164,"Street certainly.",Sci-Fi,2022-05-30,Global
2166,"Three whole she PM.",Documentary,2020-09-17,Australia
2167,"Building almost gun.",Comedy,2020-05-08,Australia
2168,"Than dinner return.",Drama,2017-01-28,Canada
2169,"Hope prove.",Documentary,2016-07-16,Australia
2171,"Challenge apply.",Drama,2023-10-11,Australia
2172,"City person.",Comedy,2017-12-08,Australia
2175,"Often sport.",Sci-Fi,2018-06-27,Australia
2176,Project.,Action,2019-06-12,Uk
2177,"Drop according.",Comedy,2019-04-19,Australia
2179,Place.,Thriller,2016-06-24,Uk
2180,"Because here.",Sci-Fi,2022-10-29,Global
2181,"Seem national hand.",Sci-Fi,2021-07-08,Us
2182,Risk.,Drama,2015-07-13,Us
2183,"Country feeling occur.",Comedy,2015-09-08,Uk
2184,"Form security.",Documentary,2022-01-23,Us
2185,"Lot summer lawyer.",Action,2023-08-04,Uk
2186,"Spring between.",Thriller,2021-02-26,Canada
2187,"And way.",Documentary,2018-04-23,Australia
2188,"Cultural mention purpose.",Action,2018-12-15,Uk
2189,"Bit law trial.",Action,2016-01-03,Australia
2190,"Look parent green.",Thriller,2018-08-28,Canada
2191,Official.,Sci-Fi,2019-04-12,Australia
2193,"Save group.",Documentary,2017-08-24,Uk
2194,"Build sit commercial.",Drama,2024-02-12,Uk
2195,"Relationship spend.",Sci-Fi,2015-03-18,Uk
2197,"End often.",Action,2016-03-31,Canada
2198,"Former media.",Sci-Fi,2021-12-04,Canada
2199,"Laugh early wife.",Comedy,2016-11-09,Australia
2201,"Last across.",Thriller,2019-07-04,Uk
2204,Success.,Drama,2024-06-17,Australia
2206,"Court do.",Drama,2015-04-01,Us
2207,"Benefit set need.",Action,2018-03-17,Us
2208,"Reach seat civil.",Documentary,2020-07-20,Canada
2209,"Force head career.",Comedy,2023-12-28,Uk
2211,"Option social.",Sci-Fi,2021-11-19,Us
2212,"Although attack more former.",Action,2021-12-28,Canada
2213,"Near senior.",Action,2020-10-10,Global
2214,"Personal whatever stay.",Sci-Fi,2022-06-07,Global
2215,"Officer deal.",Drama,2020-11-01,Australia
2216,Agree.,Documentary,2018-05-09,Australia
2218,"Build form.",Drama,2024-01-16,Global
2219,"Nothing yeah.",Action,2020-02-04,Us
2220,"Difficult someone.",Comedy,2023-01-12,Uk
2221,"Car participant early.",Action,2017-07-22,Us
2222,"Experience enter.",Drama,2022-02-27,Uk
2223,"Front think.",Thriller,2020-02-04,Australia
2224,"Memory big miss.",Drama,2018-09-22,Us
2226,"Alone everyone issue.",Sci-Fi,2021-03-12,Canada
2227,Apply.,Comedy,2021-04-16,Australia
2229,"Free along.",Drama,2023-10-19,Us
2230,"Energy although.",Drama,2024-01-27,Canada
2231,"East magazine.",Documentary,2019-04-15,Us
